Смартфон HTC incredible S,700   ₽,"Московская область, Электросталь",
HTC,8 000   ₽,"Ставропольский край, Предгорный р-н, пос. Пятигорский",
HTC,300   ₽,"Ростовская область, Романовская",
HTC sensation Z710e,600   ₽,"Алтайский край, Бийск",
HTC телефон,500   ₽,"Краснодарский край, Северский р-н, пос. городского типа Черноморский",
HTS 610 Desire,2 200   ₽,"Ростовская область, Ростов-на-Дону",
HTC,400   ₽,Санкт-Петербург,
Телефоны HTC и ZTE Blade,2 000   ₽,"Липецкая область, Липецк",
Смартфон HTC One X,1 000   ₽,"Самарская область, Самара",
HTC,2 000   ₽,"Удмуртия, Воткинск",
HTC 620g dual sim,4 000   ₽,"Тамбовская область, Тамбов",
HTC,9 000   ₽,"Республика Татарстан, Казань",
Смартфон HTC One mini,1 000   ₽,"Нижегородская область, Нижний Новгород",
HTC U Ultra,4 000   ₽,"Самарская область, Тольятти",
HTC,6 500   ₽,"Хабаровский край, Хабаровск",
Смартфон HTC One m8,3 000   ₽,"Московская область, Ленинский г.о., рабочий пос. Лопатино",
HTC One mini 2,4 500   ₽,"Тюменская область, Сургут",
HTC U11 128GB - Android 9.0 (Pie) Amazing Silver,7 500   ₽,Москва,
Телефон HTC Desire (на запчасти),500   ₽,"Свердловская область, Екатеринбург",
HTC WildFire S Rus,990   ₽,"Самарская область, Самара",
HTC,4 700   ₽,"Пензенская область, Кузнецк",
HTC one e9s dual sim,2 500   ₽,"Нижегородская область, Нижний Новгород",
Телефон HTC,100   ₽,Санкт-Петербург,
HTC One A9S,5 000   ₽,"Свердловская область, Первоуральск",
HTC desire A8181,850   ₽,Москва,
HTC Wildfire S,1 250   ₽,"Тамбовская область, Тамбов",
HTC One X,3 500   ₽,Москва,
HTC Desire 310 dual sim,4 000   ₽,"Татарстан, Нурлат",
HTC Desire S 3G,1 999   ₽,"Московская область, Сергиев Посад",
HTC Windows 8X,1 300   ₽,Москва,
HTC Desire 326G dual sim,2 500   ₽,Москва,
HTC 10 evo 3\32GB (NFC),9 000   ₽,"Удмуртия, Глазов",
HTC Wildfire S,600   ₽,Санкт-Петербург,
Телефон HTC,1 000   ₽,Москва,
HTC820g,2 900   ₽,Санкт-Петербург,
HTC Disaer 300 не рабочий,100   ₽,"Саратовская область, Саратов",
HTC One m8s NFC,6 500   ₽,"Курганская область, Курган",
Телефон HTC на запчасти,300   ₽,"Самарская область, Тольятти",
HTC Desire HD a9191,2 000   ₽,Москва,
Смартфон HTC 500,2 000   ₽,"Алтайский край, Бийск",
HTC Touch Viva T2223 RUS,500   ₽,Москва,
Телефон HTC U11 plus,16 000   ₽,"Ярославская область, Рыбинск",
HTC One M7 32gb,3 500   ₽,Санкт-Петербург,
HTC820g,2 900   ₽,Санкт-Петербург,
HTC Disaer 300 не рабочий,100   ₽,"Саратовская область, Саратов",
Смартфон HTC 500,2 000   ₽,"Алтайский край, Бийск",
Телефон HTC на запчасти,300   ₽,"Самарская область, Тольятти",
HTC One m8s NFC,6 500   ₽,"Курганская область, Курган",
HTC Desire HD a9191,2 000   ₽,Москва,
Телефон HTC U11 plus,16 000   ₽,"Ярославская область, Рыбинск",
"HTC, можно на запчасти",1 000   ₽,"Московская область, Кашира",
HTC One M7 32gb,3 500   ₽,Санкт-Петербург,
Продаю телефон HTS,800   ₽,"Ставропольский край, Ставрополь",
Смартфон HTC beatsaudio,200   ₽,"Челябинская область, Челябинск",
Смартфон HTC Touch Cruise P3650,350   ₽,"Самарская область, Тольятти",
HTC One S Beatsaudio,2 199   ₽,Санкт-Петербург,
HTC 628,5 000   ₽,"Красноярский край, Красноярск",
HTC One A9s 32gb,5 300   ₽,"Московская область, Пушкинский г.о., рабочий пос. Правдинский",
"HTC Desire 526G dual sim (рабочий, на запчасти)",800   ₽,Москва,
Смартфон HTC One V,3 500   ₽,"Волгоградская область, Волгоград",
Телефон HTC,2 000   ₽,"Новосибирская область, Новосибирск",
Телефон htc,5 000   ₽,"Волгоградская область, Волгоград",
HTC Sensation z710,2 500   ₽,Москва,
HTC One M7 Black 32Gb,4 000   ₽,"Воронежская область, Россошанский р-н, Россошь",
HTC,1 200   ₽,"Республика Коми, Ухта",
Телефон HTC,2 200   ₽,"Курская область, Поныровский р-н, пос. городского типа Поныри",
HTC Sensation z710e RU,1 300   ₽,"Краснодарский край, Краснодар",
HTC Touch2 T3333,950   ₽,"Московская область, Богородский г.о., Ногинск",
HTC Desire 816G Dual sim,2 900   ₽,"Саратовская область, Саратов",
Телефон HTC. Desire C. Model A320е,500   ₽,Москва,
Телефон HTC desire 620g dual sim,3 000   ₽,"Курская область, Курск",
HTC one x+ 64гб. HTC desire 310 dual sim,500   ₽,"Пермский край, Пермь",
HTC Desire 400,200   ₽,"Пермский край, Пермь",
Гарнитура HTC,50   ₽,"Омская область, Омск",
Аккумулятор HTC,500   ₽,"Ярославская область, Ярославль",
HTC One Dual Sim 32гб / 2гб / гарантия,2 490   ₽,"Краснодарский край, Краснодар",
Смартфон HTC One V,500   ₽,"Самарская область, Самара",
Смартфон HTC Desire 826 Dual Sim,4 000   ₽,"Ростовская область, Орловский р-н",
HTC,800   ₽,Москва,
Смартфон HTC Touch Diamond2,1 000   ₽,"Самарская область, Тольятти",
Продам HTC Desire 530,5 500   ₽,"Иркутская область, Иркутск",
"HTC Desire 526G 4.7"" HTC Desire 620G 5""",2 600   ₽,"Пермский край, Пермь",
HTC,500   ₽,"Саратовская область, Саратов",
Продам телефон htc,2 500   ₽,"Московская область, Мытищи",
Смартфон HTC desire hd,1 300   ₽,"Свердловская область, Екатеринбург",
Телефон HTC One M7,5 000   ₽,"Алтайский край, Славгород",
HTC One M8 16GB(Э78),5 200   ₽,"Республика Марий Эл, Йошкар-Ола",
Смартфон HTC incredible S,700   ₽,"Московская область, Электросталь",
