page,title,year of issue,genres,developer,download link
https://v.otxataba.net/games/torrent_igry/simulator/euro_truck_simulator_2_v_1_24_2_2s_37_dlc_2013_pc_124_repack_ot_xatab/18-1-0-238,Euro Truck Simulator 2 [v 1.38.1.3s + DLC] (2013) скачать торрент RePack от xatab ,2013,Simulator,SCS Software,https://v.otxataba.net/index.php?do=download&id=2396
https://v.otxataba.net/games/torrent_igry/3d/pc_building_simulator_2018_pc_124_repack_ot_xatab/3-1-0-587,PC Building Simulator  (v 1.8.6+DLC) (2018) скачать торрент RePack от xatab ,27 мар. 2018,3D/Simulation,Snail Games USA,https://v.otxataba.net/index.php?do=download&id=2391
https://v.otxataba.net/games/torrent_igry/strategy/factorio-gog-2020-pc-licenzija/7-1-0-1495,Factorio [GOG] (2020) скачать торрент Лицензия ,14 августа 2020,Strategy,Wube Software LTD,https://v.otxataba.net/index.php?do=download&id=2390
https://v.otxataba.net/games/torrent_igry/racing/automobilista-2/17-1-0-1435,Automobilista 2 [v 1.0.2.1+DLC] (2020) скачать торрент RePack от xatab ,2020,Racing/Simulator/Sport,Reiza Studios,https://v.otxataba.net/index.php?do=download&id=2395
https://v.otxataba.net/games/torrent_igry/3d/green_hell_v_0_5_5_124_early_access_2018_pc_124_repack_ot/3-1-0-981,Green Hell [v 1.8.1 ] (2019) скачать торрент RePack от xatab ,2019 г.,3D/Action/1st Person/Simulation,Creepy Jar,https://v.otxataba.net/index.php?do=download&id=2393
https://v.otxataba.net/games/torrent_igry/racing/biker-garage-mechanic-simulator-2019-repack-ot-xatab/17-1-0-1201,Biker Garage: Mechanic Simulator ( build 20200813+DLC) (2019) скачать торрент RePack от xatab ,2019,Racing/Simulator,"BeardedBrothers.games, Dev Juice",https://v.otxataba.net/index.php?do=download&id=2392
https://v.otxataba.net/games/torrent_igry/3d/thehunter-call-of-the-wild-v-152/3-1-0-1284,TheHunter: Call of the Wild [v 1867324 (update 60)+DLC] (2017) скачать торрент RePack от xatab ,2017,3D/Simulator,Expansive Worlds,https://v.otxataba.net/index.php?do=download&id=2388
https://v.otxataba.net/games/torrent_igry/3d/rock-of-ages-3-make-amp-break/3-1-0-1469,Rock of Ages 3: Make & Break [1.04 build 95181] (2020) скачать торрент RePack от xatab ,2020,3D/Strategy/Adventure/Racing,"ACE Team, Giant Monkey Robot",https://v.otxataba.net/index.php?do=download&id=2398
https://v.otxataba.net/games/torrent_igry/action/dying-light-plaza-2015-pc-licenzija/5-1-0-1496,Dying Light v.1.30.0 [PLAZA] (2015) скачать торрент Лицензия ,27 января 2015 / 9 февраля 2016 (The Following),Action/1st Person/Horror,Techland,https://v.otxataba.net/index.php?do=download&id=2397
https://v.otxataba.net/games/torrent_igry/3d/dreadout-2/3-1-0-1363,DreadOut 2 [v.1.1.4] (2020) скачать торрент RePack от xatab ,2020,3D/Adventure/Horror,Digital Happiness,https://v.otxataba.net/index.php?do=download&id=2394
https://v.otxataba.net/games/torrent_igry/rpg/remnant_from_the_ashes_2019_pc_124_repack_ot_xatab/2-1-0-1118,Remnant: From the Ashes (build 248020+DLC) (2019) скачать торрент RePack от xatab ,2019 г.,RPG/3rd Person/Action,Gunfire Games,https://v.otxataba.net/index.php?do=download&id=2389
https://v.otxataba.net/games/torrent_igry/rpg/sword-art-online-alicization-lycoris/2-1-0-1454,SWORD ART ONLINE Alicization Lycoris [v.1.04] (2020) скачать торрент RePack от xatab ,2020,RPG/3D/Action,"AQURIA Co., Ltd.",https://v.otxataba.net/index.php?do=download&id=2385
https://v.otxataba.net/games/torrent_igry/rpg/pagan-absent-gods/2-1-0-1492,Pagan: Absent Gods (2019) скачать торрент RePack от xatab ,2019,RPG/3D,Mad Head Games,https://v.otxataba.net/index.php?do=download&id=2382
https://v.otxataba.net/games/torrent_igry/3d/tropico_6_2018_pc_124_beta_repack_ot_xatab/3-1-0-694,Tropico 6 El Prez Edition [ 1.10 (100) Hotfix+ DLC] (2019) скачать торрент RePack от xatab ,2019 г.,3D/Strategy/Simulation,Limbic Entertainment,https://v.otxataba.net/index.php?do=download&id=2378
https://v.otxataba.net/games/torrent_igry/strategy/imperator_rome_deluxe_edition_2019_repack_ot_xatab/7-1-0-968,Imperator: Rome - Deluxe Edition [v 1.5.0)] (2019) скачать торрент RePack от xatab ,2019 г.,Strategy/Simulator,Paradox Development Studio,https://v.otxataba.net/index.php?do=download&id=2383
https://v.otxataba.net/games/torrent_igry/3d/europa_universalis_iv_v_1_28_2_62_dlc_2013_repack_ot_xatab/3-1-0-898,Europa Universalis IV [v 1.30.3 + DLC] (2013) скачать торрент RePack от xatab ,2013,3D/Strategy,Paradox Development Studio,https://v.otxataba.net/index.php?do=download&id=2377
https://v.otxataba.net/games/torrent_igry/3d/willy-morgan-and-the-curse-of-bone-town/3-1-0-1493,Willy Morgan and the Curse of Bone Town (2020) скачать торрент RePack от xatab ,2020,3D/Adventure,imaginarylab,https://v.otxataba.net/index.php?do=download&id=2384
https://v.otxataba.net/games/torrent_igry/3d/observation_2019_repack_ot_xatab/3-1-0-1005,Observation [v 1.17] (2019) скачать торрент RePack от xatab ,2019 г.,3D/1st Person/Adventure,No Code,https://v.otxataba.net/index.php?do=download&id=2380
https://v.otxataba.net/games/torrent_igry/adventure/beyond-a-steel-sky/10-1-0-1466,Beyond a Steel Sky [v 1.1.26717] (2020) скачать торрент RePack от xatab ,2020,Adventure,Revolution Software Ltd,https://v.otxataba.net/index.php?do=download&id=2379
https://v.otxataba.net/games/torrent_igry/3d/risk-of-rain-2/3-1-0-1491,Risk of Rain 2 (2020) скачать торрент RePack от xatab ,2020,3D/3rd Person/Action,Hopoo Games,https://v.otxataba.net/index.php?do=download&id=2381
https://v.otxataba.net/games/torrent_igry/3d/metamorphosis/3-1-0-1494,Metamorphosis (2020) скачать торрент RePack от xatab ,2020,3D/Adventure,Ovid Works,https://v.otxataba.net/index.php?do=download&id=2386
https://v.otxataba.net/games/torrent_igry/rpg/wolcen-lords-of-mayhem/2-1-0-1287,Wolcen: Lords of Mayhem [v 1.0.16.1 ] (2020) скачать торрент RePack от xatab ,2020,RPG/3D,WOLCEN Studio,https://v.otxataba.net/index.php?do=download&id=2387
https://v.otxataba.net/games/torrent_igry/simulator/il-2-sturmovik-cliffs-of-dover-blitz-edition-codex-2011-2020-pc-licenzija/18-1-0-1487,IL-2 Sturmovik: Cliffs of Dover - Blitz Edition (+DLC Desert Wings - Tobruk) [CODEX] (2011-2020) скачать торрент Лицензия ,25.03.2011 / 14.12.2017,Simulator,"Team Fusion Simulations, 1C: Maddox Games",https://v.otxataba.net/index.php?do=download&id=2371
https://v.otxataba.net/games/torrent_igry/rpg/horizon-zero-dawn-complete-edition/2-1-0-1490,Horizon: Zero Dawn - Complete Edition (2020) скачать торрент RePack от xatab ,2020,RPG/Action/Adventure,Guerrilla,https://v.otxataba.net/index.php?do=download&id=2375
https://v.otxataba.net/games/torrent_igry/3d/x4_foundations_v1_21_dlc_2018_pc_124_repack_ot_xatab/3-1-0-798,X4: Foundations [v 3.30 + DLC] (2018) скачать торрент RePack от xatab ,2018 г.,3D/Action/Strategy/Simulation,Egosoft,https://v.otxataba.net/index.php?do=download&id=2372
https://v.otxataba.net/games/torrent_igry/3d/assetto_corsa_competizione_update_1_2019_pc_124_repack_ot_xatab/3-1-0-1032,Assetto Corsa Competizione  (v 1.5.4+DLC) (2019) скачать торрент RePack от xatab ,2019 г.,3D/Racing/Simulator,Kunos Simulazioni,https://v.otxataba.net/index.php?do=download&id=2368
https://v.otxataba.net/games/torrent_igry/rpg/phoenix-point-2019-repack-ot-xatab/2-1-0-1204,Phoenix Point - Ultra Edition [1.6.1+DLC] (2019) скачать торрент RePack от xatab ,2019,RPG/3D/Strategy,Snapshot Games,https://v.otxataba.net/index.php?do=download&id=2367
https://v.otxataba.net/games/torrent_igry/3rd_person/subnautica_unknown_worlds_entertainment_eng_124_rus_124_multi19_repack_by_xatab/4-1-0-530,Subnautica [65786] (2018) скачать торрент RePack от xatab ,23 янв. 2018,3rd Person/Action/1st Person,Unknown Worlds Entertainment,https://v.otxataba.net/index.php?do=download&id=2369
https://v.otxataba.net/games/torrent_igry/action/fast-amp-furious-crossroads/5-1-0-1489,Fast & Furious Crossroads (2020) скачать торрент RePack от xatab ,2020,Action/Adventure/Racing,Slightly Mad Studios,https://v.otxataba.net/index.php?do=download&id=2374
https://v.otxataba.net/games/torrent_igry/strategy/command-amp-conquer-remastered-collection/7-1-0-1408,Command & Conquer Remastered Collection [1.153.11 Build 19704] (2020) скачать торрент RePack от xatab ,2020,Strategy/Real-time,Petroglyph Games,https://v.otxataba.net/index.php?do=download&id=2376
https://v.otxataba.net/games/torrent_igry/3d/empyrion-galactic-survival/3-1-0-1486,Empyrion Galactic Survival [v 1.0.3047] (2015) скачать торрент RePack от xatab ,2015,3D/Simulator,Eleon Game Studios,https://v.otxataba.net/index.php?do=download&id=2366
https://v.otxataba.net/games/torrent_igry/rpg/horizon-zero-dawn-complete-edition-codex-2017-2020-pc-licenzija/2-1-0-1488,Horizon: Zero Dawn - Complete Edition [CODEX] (2017-2020) скачать торрент Лицензия ,28 февраля 2017 для PlayStation 4 / 07 августа 2020 для PC,RPG/Action/Adventure,Guerrilla,https://v.otxataba.net/index.php?do=download&id=2373
https://v.otxataba.net/games/torrent_igry/fighting/naruto_shippuden_ultimate_ninja_storm_4_deluxe_edition_rus_92_eng_repack_ot_xatab/21-1-0-480,Naruto Shippuden: Ultimate Ninja Storm 4 [v.1.09+DLC] (2016) скачать торрент RePack от xatab ,2016,Торрент игры/Fighting,CyberConnect2,https://v.otxataba.net/index.php?do=download&id=2370
https://v.otxataba.net/games/torrent_igry/3d/poly-bridge-2/3-1-0-1483,Poly Bridge 2 (2020) скачать торрент RePack от xatab ,2020,3D/Simulation,Dry Cactus,https://v.otxataba.net/index.php?do=download&id=2358
https://v.otxataba.net/games/torrent_igry/rpg/mount-amp-blade-ii-bannerlord/2-1-0-1332,Mount & Blade II: Bannerlord [e1.4.2 Hotfix MAIN BRANCH /Early access)] (2020) скачать торрент RePack от xatab ,2020,RPG/Action/Strategy,TaleWorlds Entertainment,https://v.otxataba.net/index.php?do=download&id=2365
https://v.otxataba.net/games/torrent_igry/strategy/endless_space_2_2016_pc_124_repack_ot_xatab/7-1-0-392,Endless Space 2 (v.1.5.30.S5+DLC) (2016) скачать торрент RePack от xatab ,6 окт. 2016,Strategy,AMPLITUDE Studios,https://v.otxataba.net/index.php?do=download&id=2354
https://v.otxataba.net/games/torrent_igry/3d/ultimate_fishing_simulator_v_0_9_3_342_124_early_access_2017_pc_124_repack/3-1-0-643,Ultimate Fishing Simulator [v 2.20.8:496+DLC] (2017) скачать торрент RePack от xatab ,2017,3D/Simulation/Simulator,"Ultimate Games S.A. , Bit Golem",https://v.otxataba.net/index.php?do=download&id=2357
https://v.otxataba.net/games/torrent_igry/3rd_person/blacksad-under-the-skin-2019-repack-ot/4-1-0-1191,Blacksad: Under the Skin [v1.0.5] (2019) скачать торрент RePack от xatab ,2019,3rd Person/Action/Adventure,"Pendulo Studios, YS Interactive",https://v.otxataba.net/index.php?do=download&id=2363
https://v.otxataba.net/games/torrent_igry/rpg/hellpoint/2-1-0-1479,Hellpoint [1.01 Build 5361986] (2020) скачать торрент RePack от xatab ,2020,RPG/Action/Horror,Cradle Games,https://v.otxataba.net/index.php?do=download&id=2360
https://v.otxataba.net/games/torrent_igry/action/relicta/5-1-0-1484,Relicta (2020) скачать торрент RePack от xatab ,2020,Action/Adventure,Mighty Polygon,https://v.otxataba.net/index.php?do=download&id=2359
https://v.otxataba.net/games/torrent_igry/3d/they_are_billions_2019_pc_124_repack_ot_xatab/3-1-0-1052,They Are Billions  [v.1.0.19.9] (2019) скачать торрент RePack от xatab ,2019 г.,3D/Strategy/Arcade,Numantian Games,https://v.otxataba.net/index.php?do=download&id=2364
https://v.otxataba.net/games/torrent_igry/3d/spintires/3-1-0-1342,Spintires [v 1.6.1 + 4 DLC] (2014) скачать торрент RePack от xatab ,2014,3D/Simulator,Oovee Game Studios,https://v.otxataba.net/index.php?do=download&id=2356
https://v.otxataba.net/games/torrent_igry/adventure/skully/10-1-0-1485,Skully (2020) скачать торрент RePack от xatab ,2020,Adventure/Arcade,Finish Line Games,https://v.otxataba.net/index.php?do=download&id=2362
https://v.otxataba.net/games/torrent_igry/action/state_of_decay_2_2018_pc_124_repack_by_xatab/5-1-0-612,State of Decay 2 Juggernaut Edition [1.0 build 399738 Update 19] (2020) скачать торрент RePack от xatab ,13 мар. 2020,Action/Horror,Undead Labs,https://v.otxataba.net/index.php?do=download&id=2355
https://v.otxataba.net/games/torrent_igry/action/fury-unleashed-codex-2020-pc-licenzija/5-1-0-1362,Fury Unleashed v.1.0.11 [GOG] (2020) скачать торрент Лицензия ,8 мая 2020,Action/Arcade,Awesome Games Studio,https://v.otxataba.net/index.php?do=download&id=2350
https://v.otxataba.net/games/torrent_igry/3rd_person/destroy-all-humans-gog-2020-pc-licenzija/4-1-0-1480,Destroy All Humans! v.1.0.2491 [GOG] (2005-2020) скачать торрент Лицензия ,21 июня 2005 для консолей / 28 июля 2020 для PC,3rd Person/Action,"Black Forest Games, Pandemic Studios",https://v.otxataba.net/index.php?do=download&id=2347
https://v.otxataba.net/games/torrent_igry/action/maid-of-sker/5-1-0-1476,Maid of Sker (2020) скачать торрент RePack от xatab ,2020,Action/Adventure,Wales Interactive,https://v.otxataba.net/index.php?do=download&id=2341
https://v.otxataba.net/games/torrent_igry/3rd_person/x-blades-onibljejd-l-2007-2009-pc-licenzija/4-1-0-1478,X-Blades (Ониблэйд) [L] (2007-2009) скачать торрент Лицензия ,23 ноября 2007 – 20 февраля 2009,3rd Person/Action/Shooter,Gaijin Entertainment,https://v.otxataba.net/index.php?do=download&id=2344
https://v.otxataba.net/games/torrent_igry/simulator/the_sims_4_deluxe_edition_v_1_20_60_1020_2014_pc_124_repack_ot_xatab/18-1-0-318,"The Sims 4: Deluxe Edition [v 1.65.70.1020 (64х) , v 1.65.70.1520(32х) + DLC] (2014) скачать торрент RePack от xatab ",2014,Simulator,The Sims Studio,https://v.otxataba.net/index.php?do=download&id=2342
https://v.otxataba.net/games/torrent_igry/3d/what-happened/3-1-0-1481,What Happened (2020) скачать торрент RePack от xatab ,2020,3D/Horror,Genius Slackers,https://v.otxataba.net/index.php?do=download&id=2348
https://v.otxataba.net/games/torrent_igry/3d/house_flipper_2018_pc_124_repack_by_xatab/3-1-0-589,House Flipper  [v .1.20188 + DLC] (2018) скачать торрент RePack от xatab ,2018,3D/Simulator,"Empyrean, Red Dot Games",https://v.otxataba.net/index.php?do=download&id=2351
https://v.otxataba.net/games/torrent_igry/strategy/total_war_warhammer_ii_sega_rus_124_eng_repack_ot_xatab/7-1-0-471,Total War: WARHAMMER II (v.1.9.2+DLC) (2017) скачать торрент RePack от xatab ,28 сентября 2017,Strategy,Creative Assembly,https://v.otxataba.net/index.php?do=download&id=2345
https://v.otxataba.net/games/torrent_igry/action/destroy-all-humans/5-1-0-1475,Destroy All Humans! [v 1.0.2491] (2020) скачать торрент RePack от xatab ,2020,Action/Adventure,"Black Forest Games, Pandemic Studios",https://v.otxataba.net/index.php?do=download&id=2340
https://v.otxataba.net/games/torrent_igry/3rd_person/blades-of-time-limited-edition-gog-2012-pc-licenzija/4-1-0-1477,Blades of Time: Limited Edition [GOG] (2012) скачать торрент Лицензия ,21 апреля 2012,3rd Person/Action/Shooter,Gaijin Entertainment,https://v.otxataba.net/index.php?do=download&id=2343
https://v.otxataba.net/games/torrent_igry/3d/sins-of-a-solar-empire-rebellion-v-195-4-dlc/3-1-0-1482,Sins of a Solar Empire - Rebellion [v 1.95 + 4 DLC] (2012) скачать торрент RePack от xatab ,2012,3D/Strategy/Real-time,Ironclad Games,https://v.otxataba.net/index.php?do=download&id=2353
https://v.otxataba.net/games/torrent_igry/strategy/othercide/7-1-0-1473,Othercide (2020) скачать торрент RePack от xatab ,2020,Strategy,Lightbulb Crew,https://v.otxataba.net/index.php?do=download&id=2337
https://v.otxataba.net/games/torrent_igry/3d/hunting-simulator-2-bear-hunter-edition/3-1-0-1465,Hunting Simulator 2 - Bear Hunter Edition [v 1.0.0.141.64215+DLC] (2020) скачать торрент RePack от xatab ,2020,3D/Simulator,Neopica,https://v.otxataba.net/index.php?do=download&id=2336
https://v.otxataba.net/games/torrent_igry/strategy/besiege-v101-2020-pc-licenzija/7-1-0-1297,Besiege v.1.05-12536 [GOG] (2020) скачать торрент Лицензия ,18 февраля 2020,Strategy/Simulator,Spiderling Studio,https://v.otxataba.net/index.php?do=download&id=2332
https://v.otxataba.net/games/torrent_igry/action/superhot-mind-control-delete-gog-2020-pc-licenzija/5-1-0-1467,SUPERHOT: MIND CONTROL DELETE [GOG] (2020) скачать торрент Лицензия ,16 июля 2020,Action/Shooter/1st Person,SUPERHOT Team,https://v.otxataba.net/index.php?do=download&id=2333
https://v.otxataba.net/games/torrent_igry/3d/deadliest-catch-the-game/3-1-0-1472,Deadliest Catch: The Game (2020) скачать торрент RePack от xatab ,2020,3D/Simulator,Moonlit S.A.,https://v.otxataba.net/index.php?do=download&id=2327
https://v.otxataba.net/games/torrent_igry/3d/american_truck_simulator_v_1_3_1_1s_7_dlc_2016_pc_124_repack_ot_xatab/3-1-0-235,American Truck Simulator [v 1.38.1.14s + DLC] (2016) скачать торрент RePack от xatab ,2016,3D/Racing/Simulator,SCS Software,https://v.otxataba.net/index.php?do=download&id=2329
https://v.otxataba.net/games/torrent_igry/rpg/enderal_forgotten_stories_2019_repack_ot_xatab/2-1-0-994,The Elder Scrolls V: Skyrim - Enderal: Forgotten Stories (v 1.6.0.0 (EFS) (2019) скачать торрент RePack от xatab ,2019 г.,RPG/3D/3rd Person/1st Person,SureAI,https://v.otxataba.net/index.php?do=download&id=2335
https://v.otxataba.net/games/torrent_igry/3d/rds_the_official_drift_videogame_2019_repack_ot_xatab/3-1-0-1033,RDS The Official Drift Videogame (Update.v  175 Build 15) (2019) скачать торрент RePack от xatab ,2019 г.,3D/Racing/Simulator/Sport,Drift Physics Crew,https://v.otxataba.net/index.php?do=download&id=2328
https://v.otxataba.net/games/torrent_igry/3d/superhot_2016_pc_124_licenzija/3-1-0-910,SUPERHOT v.1.0.16 [GOG] (2016) скачать торрент Лицензия ,25 февраля 2016,3D/Action/Shooter/1st Person,SUPERHOT Team,https://v.otxataba.net/index.php?do=download&id=2334
https://v.otxataba.net/games/torrent_igry/3rd_person/world_war_z_2019_pc_124_repack_ot_xatab/4-1-0-947,World War Z - Goty Edition {Update.v1.70+DLC} (2019) скачать торрент RePack от xatab ,2019 г.,3rd Person/Action/Shooter,Saber Interactive,https://v.otxataba.net/index.php?do=download&id=2330
https://v.otxataba.net/games/torrent_igry/rpg/monster-hunter-world-build-140000-2018-pc-repack-ot-xatab/2-1-0-1474,Monster Hunter: World (build 14.00.00) (2018) скачать торрент RePack от xatab ,2018,RPG/3rd Person/Action,"CAPCOM Co., Ltd.",https://v.otxataba.net/index.php?do=download&id=2339
https://v.otxataba.net/games/torrent_igry/action/no-mans-sky-v231-2016-pc-repack-by-xatab/5-1-0-1283,No man's Sky (v 2.61.1) (2016) скачать торрент RePack от xatab ,2016,Action/1st Person,Hello Games,https://v.otxataba.net/index.php?do=download&id=2326
https://v.otxataba.net/games/torrent_igry/3d/victory_at_sea_pacific_v_1_0_7_2018_pc_124_repack_by_xatab/3-1-0-689,Victory At Sea Pacific [v 1.7.2 (39897) ] (2018) скачать торрент RePack от xatab ,2018 г.,3D/Strategy/Simulation,Evil Twin Artworks,https://v.otxataba.net/index.php?do=download&id=2315
https://v.otxataba.net/games/torrent_igry/adventure/the_long_dark_v_1_05_32319_2017_pc_124_repack_by_xatab/10-1-0-427,The Long Dark [v 1.82] (2017) скачать торрент RePack от xatab ,1 августа. 2017,Adventure,Hinterland Studio Inc,https://v.otxataba.net/index.php?do=download&id=2313
https://v.otxataba.net/games/torrent_igry/action/carrion/5-1-0-1471,CARRION (2020) скачать торрент Лицензия ,2020,Action/Adventure,Phobia Game Studio,https://v.otxataba.net/index.php?do=download&id=2321
https://v.otxataba.net/games/torrent_igry/3d/snowrunner/3-1-0-1346,SnowRunner - Premium Edition  [v. 6.1+DLC] (2020) скачать торрент RePack от xatab ,2020,3D/Simulator,Saber Interactive,https://v.otxataba.net/index.php?do=download&id=2317
https://v.otxataba.net/games/torrent_igry/strategy/transport-fever-2-2019-repack-ot-xatab/7-1-0-1215,Transport Fever 2 [build 29596 (39832)] (2019) скачать торрент RePack от xatab ,2019,Strategy/Simulation,Urban Games,https://v.otxataba.net/index.php?do=download&id=2314
https://v.otxataba.net/games/torrent_igry/3d/01-sid_meier_39_s_civilization_vi_digital_deluxe_2016_pc_124_repack_ot_xatab/3-1-0-327,Sid Meiers Civilization VI  (v 1.0.3.31 build 508803 ) (2016) скачать торрент RePack от xatab ,21 октября 2016,3D/Strategy,Firaxis Games,https://v.otxataba.net/index.php?do=download&id=2323
https://v.otxataba.net/games/torrent_igry/3d/creaks/3-1-0-1470,Creaks [Build 5311171  Hotfix] (2020) скачать торрент RePack от xatab ,2020,3D/Adventure,Amanita Design,https://v.otxataba.net/index.php?do=download&id=2320
https://v.otxataba.net/games/torrent_igry/action/planet_nomads_2019_pc_124_licenzija/5-1-0-978,Planet Nomads v.1.0.6.6 [GOG] (2019) скачать торрент Лицензия ,2019,Action/1st Person/Adventure,Craneballs,https://v.otxataba.net/index.php?do=download&id=2310
https://v.otxataba.net/games/torrent_igry/strategy/desperados-iii/7-1-0-1412,Desperados III [v 1.2.4] (2020) скачать торрент RePack от xatab ,2020,Strategy,Mimimi Games,https://v.otxataba.net/index.php?do=download&id=2322
https://v.otxataba.net/games/torrent_igry/action/one-piece-pirate-warriors-4/5-1-0-1307,ONE PIECE: PIRATE WARRIORS 4 [v 1.0.1.0+DLC] (2020) скачать торрент RePack от xatab ,2019,Action/Fighting,Koei Tecmo,https://v.otxataba.net/index.php?do=download&id=2324
https://v.otxataba.net/games/torrent_igry/strategy/before-we-leave/7-1-0-1365,Before We Leave (2020) скачать торрент RePack от xatab ,2020,Strategy/Simulation,Balancing Monkey Games,https://v.otxataba.net/index.php?do=download&id=2301
https://v.otxataba.net/games/torrent_igry/rpg/outer_wilds_v_1_0_2_100_2019_pc_124_repack_ot_xatab/2-1-0-1082,Outer Wilds [v 1.0.7] (2019) скачать торрент RePack от xatab ,2019 г.,RPG/3D/Adventure,Mobius Digital,https://v.otxataba.net/index.php?do=download&id=2308
https://v.otxataba.net/games/torrent_igry/strategy/parkitect-v15e-gog-2018/7-1-0-1295,Parkitect v.1.5j [GOG] (2018) скачать торрент Лицензия ,29 ноября 2018,Strategy/Simulator,Texel Raptor,https://v.otxataba.net/index.php?do=download&id=2309
https://v.otxataba.net/games/torrent_igry/3d/battlefleet_gothic_armada_2_2019_pc_124_repack_ot_xatab/3-1-0-843,Battlefleet Gothic: Armada 2 [v.1.0.11 (39826)+DLC] (2019) скачать торрент RePack от xatab ,2019 г.,3D/Strategy,Tindalos Interactive,https://v.otxataba.net/index.php?do=download&id=2307
https://v.otxataba.net/games/torrent_igry/action/neon-abyss-gog-2020-pc-licenzija/5-1-0-1468,Neon Abyss [GOG] (2020) скачать торрент Лицензия ,14 июля 2020,Action/Arcade,Veewo Games,https://v.otxataba.net/index.php?do=download&id=2306
https://v.otxataba.net/games/torrent_igry/3d/gears-tactics/3-1-0-1355,Gears Tactics [Update.3] (2020) скачать торрент RePack от xatab ,2020,3D/Strategy,"Splash Damage, The Coalition",https://v.otxataba.net/index.php?do=download&id=2295
https://v.otxataba.net/games/torrent_igry/simulator/car_mechanic_simulator_2018_v_1_3_5_2_dlc_rus_124_eng_124_multi12_repack_by_xatab/18-1-0-459,Car Mechanic Simulator 2018 (1.6.5) (2017) скачать торрент RePack от xatab ,28 июля 2017,Simulator,Red Dot Games,https://v.otxataba.net/index.php?do=download&id=2303
https://v.otxataba.net/games/torrent_igry/action/streets-of-rage-4/5-1-0-1349,Streets of Rage 4 (2020) скачать торрент RePack от xatab ,2020,Action/Fighting,"Dotemu, Guard Crush Games, Lizardcube",https://v.otxataba.net/index.php?do=download&id=2298
https://v.otxataba.net/games/torrent_igry/rpg/kenshi_1_0_9_2018_pc_124_repack_ot_xatab/2-1-0-816,Kenshi ( 1.0.50 (39662)) (2018) скачать торрент RePack от xatab ,2018 г.,RPG/3D/Action/Strategy,Lo-Fi Games,https://v.otxataba.net/index.php?do=download&id=2296
https://v.otxataba.net/games/torrent_igry/rpg/atom_rpg_post_apocalyptic_indie_game_2018_pc_124_repack_ot_xatab/2-1-0-812,ATOM RPG: Post-apocalyptic indie game (v 1.16) (2018) скачать торрент RePack от xatab ,2018 г.,RPG/3D,AtomTeam,https://v.otxataba.net/index.php?do=download&id=2300
https://v.otxataba.net/games/torrent_igry/action/space_hulk_deathwing_enhanced_edition_v_2_38_dlc_2018_pc_124_repack_by_xatab/5-1-0-593,Space Hulk: Deathwing - Enhanced Edition [v 2.44 + DLC] (2018) скачать торрент RePack от xatab ,22 мая 2018,Action/Shooter/1st Person,Streum On Studio,https://v.otxataba.net/index.php?do=download&id=2299
https://v.otxataba.net/games/torrent_igry/3d/panzer-corps-2-2020-repack-ot/3-1-0-1303,Panzer Corps 2 [v 1.1.5 Hotfix +DLC] (2020) скачать торрент RePack от xatab ,2020,3D/Strategy,Flashback Games,https://v.otxataba.net/index.php?do=download&id=2288
https://v.otxataba.net/games/torrent_igry/rpg/middle-earth-shadow-of-mordor-game-of-the-year-edition-update-9/2-1-0-1463,Middle-Earth: Shadow of Mordor - Game of the Year Edition [Update 9] (2014) скачать торрент RePack от xatab ,2014,RPG/3rd Person/Action,"Monolith Productions, Inc.",https://v.otxataba.net/index.php?do=download&id=2284
https://v.otxataba.net/games/torrent_igry/3d/endless_legend_v_1_7_2_s3_dlc_39_s_2014_pc_124_repack_ot_xatab/3-1-0-873,Endless Legend [v 1.8.2 + DLC's] (2014) скачать торрент RePack от xatab ,2014,3D/Strategy,Amplitude Studios,https://v.otxataba.net/index.php?do=download&id=2269
https://v.otxataba.net/games/torrent_igry/3rd_person/mortal-kombat-xl-premium-edition-update-1/4-1-0-1451,Mortal Kombat XL: Premium Edition [Update 1] (2016) скачать торрент RePack от xatab ,2016,3rd Person/Action/Fighting,"NetherRealm Studios, High Voltage Software",https://v.otxataba.net/index.php?do=download&id=2266
https://v.otxataba.net/games/torrent_igry/simulation/fishing_barents_sea_2018_pc_124_repack_by_xatab/14-1-0-555,Fishing: Barents Sea [v 1.3.4-3618] (2018) скачать торрент RePack от xatab ,7 февраля 2018,Simulation,Misc Games,https://v.otxataba.net/index.php?do=download&id=2285
https://v.otxataba.net/games/torrent_igry/3d/cooking_simulator_v_1_3_0_133960_2019_repack_ot_xatab/3-1-0-1068,Cooking Simulator [v. 3.3.0+DLC] (2019) скачать торрент RePack от xatab ,2019 г.,3D/1st Person/Simulator,Big Cheese Studio,https://v.otxataba.net/index.php?do=download&id=2272
https://v.otxataba.net/games/torrent_igry/rpg/star-wars-knights-of-the-old-republic/2-1-0-1462,Star Wars Knights of the Old Republic (2003) скачать торрент RePack от xatab ,2003,RPG/3rd Person/Action,Lucasfilm,https://v.otxataba.net/index.php?do=download&id=2282
https://v.otxataba.net/games/torrent_igry/action/dead_cells_v_1_0_2018_pc_124_licenzija/5-1-0-651,Dead Cells [GOG] (ENG/RUS/MULTI12) от R.G. GOGFAN (2018) скачать торрент Лицензия ,2018,Action/Arcade,Motion Twin,https://v.otxataba.net/index.php?do=download&id=2273
https://v.otxataba.net/games/torrent_igry/rpg/shadowrun-hong-kong-extended-edition/2-1-0-1464,Shadowrun: Hong Kong - Extended Edition (2015) скачать торрент RePack от xatab ,2015,RPG/Strategy/Adventure,Harebrained Schemes,https://v.otxataba.net/index.php?do=download&id=2286
https://v.otxataba.net/games/torrent_igry/3rd_person/mortal-kombat-x-update-20/4-1-0-1452,Mortal Kombat X [Update 20] (2015) скачать торрент RePack от xatab ,2015,3rd Person/Action/Fighting,"NetherRealm Studios, High Voltage Software",https://v.otxataba.net/index.php?do=download&id=2267
https://v.otxataba.net/games/torrent_igry/3d/beautiful-desolation-v-1013-2020-repack-ot/3-1-0-1290,Beautiful Desolation [v 1.0.5.0] (2020) скачать торрент RePack от xatab ,2020,3D/Adventure,The Brotherhood,https://v.otxataba.net/index.php?do=download&id=2287
https://v.otxataba.net/games/torrent_igry/3d/bus-simulator-18/3-1-0-1278,Bus Simulator 18 [4.18.3.0 (Update 15)+DLC] (2018) скачать торрент RePack от xatab ,2018,3D/Simulator,stillalive studios,https://v.otxataba.net/index.php?do=download&id=2264
https://v.otxataba.net/games/torrent_igry/strategy/age-of-empires-definitive-edition-build-27805-2018-pc-repack-ot-xatab/7-1-0-1120,Age of Empires: Definitive Edition [build 38862] (2018) скачать торрент RePack от xatab ,20 февраля 2018 / 19 августа 2019 - Steam,Strategy/Real-time,Forgotten Empires,https://v.otxataba.net/index.php?do=download&id=2258
https://v.otxataba.net/games/torrent_igry/rpg/persona-4-golden-digital-deluxe-edition/2-1-0-1437,Persona 4 Golden: Digital Deluxe Edition (2020) скачать торрент RePack от xatab ,2020,RPG,Atlus,https://v.otxataba.net/index.php?do=download&id=2240
https://v.otxataba.net/games/torrent_igry/strategy/surviving-the-aftermath-early-access-2019-repack-ot-xatab/7-1-0-1199,Surviving the Aftermath [1.8.1.6883 / Update 8: Tainted Earth/ Early access] (2019) скачать торрент RePack от xatab ,2019,Strategy,Iceflake Studios Oy,https://v.otxataba.net/index.php?do=download&id=2239
https://v.otxataba.net/games/torrent_igry/racing/nascar-heat-5/17-1-0-1448,NASCAR Heat 5 (2020) скачать торрент RePack от xatab ,2020,Racing/Sport,704Games Company,https://v.otxataba.net/index.php?do=download&id=2257
https://v.otxataba.net/games/torrent_igry/action/wreckfest_2018_pc_124_repack_by_xatab/5-1-0-613,Wreckfest [v 1.262067.+ DLCs] (2018) скачать торрент RePack от xatab ,12 июня 2018,Action/Simulation/Racing,Bugbear,https://v.otxataba.net/index.php?do=download&id=2263
https://v.otxataba.net/games/torrent_igry/rpg/middle-earth-shadow-of-war-definitive-edition-v-121-dlcs/2-1-0-1449,Middle-earth: Shadow of War - Definitive Edition [v 1.21 + DLCs] (2018) скачать торрент RePack от xatab ,2018,RPG/3rd Person/Action,Monolith Productions,https://v.otxataba.net/index.php?do=download&id=2261
https://v.otxataba.net/games/torrent_igry/3d/forza-horizon-4-ultimate-edition-v-13979782-dlcs/3-1-0-1285,Forza Horizon 4: Ultimate Edition [v 1.424.99.2 + DLCs] (2018) скачать торрент RePack от xatab ,2018,3D/Racing/Arcade,Playground Games,https://v.otxataba.net/index.php?do=download&id=2247
https://v.otxataba.net/games/torrent_igry/adventure/the-cursed-forest/10-1-0-1438,The Cursed Forest [v.1.0.6] (2019) скачать торрент RePack от xatab ,2019,Adventure/Horror,"KPy3O, Noostyche",https://v.otxataba.net/index.php?do=download&id=2241
https://v.otxataba.net/games/torrent_igry/strategy/timeflow_time_and_money_simulator_2015_pc_124_licenzija/7-1-0-856,Timeflow – Time and Money Simulator v.1.9.5 (Early Access) скачать торрент Лицензия ,2015,Strategy/Simulator,Roman Makhmutov,https://v.otxataba.net/index.php?do=download&id=2246
https://v.otxataba.net/games/torrent_igry/3d/mortal-kombat-komplete-edition/3-1-0-1450,Mortal Kombat Komplete Edition (2013) скачать торрент RePack от xatab ,2013,3D/Arcade/Fighting,"NetherRealm Studios, High Voltage Software",https://v.otxataba.net/index.php?do=download&id=2265
https://v.otxataba.net/games/torrent_igry/action/payday_2_ultimate_edition_v_1_92_790_2013_pc_124_repack_ot_xatab/5-1-0-1090,PayDay 2: Ultimate Edition [v 1.95.894] (2013) скачать торрент RePack от xatab ,2013,Action/Shooter/Stealth,Overkill Software,https://v.otxataba.net/index.php?do=download&id=2229
https://v.otxataba.net/games/torrent_igry/3d/the-catch-carp-amp-coarse/3-1-0-1434,The Catch: Carp & Coarse (2020) скачать торрент RePack от xatab ,2020,3D/Simulator/Sport,Dovetail Games,https://v.otxataba.net/index.php?do=download&id=2227
https://v.otxataba.net/games/torrent_igry/action/chernobylite-early-access-2019-repack-ot-xatab/5-1-0-1167,Chernobylite  ( 26.06 patch v2) / Early Access] (2019) скачать торрент RePack от xatab ,2019,Action/Shooter/1st Person/Horror,The Farm 51,https://v.otxataba.net/index.php?do=download&id=2232
https://v.otxataba.net/games/torrent_igry/3d/age_of_wonders_planetfall_2019_repack_ot_xatab/3-1-0-1104,Age of Wonders: Planetfall [v 1.3.0.2 (39228) + DLCs] (2019) скачать торрент RePack от xatab ,2019 г.,3D/Strategy,Triumph Studios,https://v.otxataba.net/index.php?do=download&id=2220
https://v.otxataba.net/games/torrent_igry/3d/satisfactory_early_access_2019_repack_ot_xatab/3-1-0-965,Satisfactory  [  0.3.5.4 - Build 125236/Early Access] (2019) скачать торрент RePack от xatab ,2019 г.,3D/Adventure/Simulation,Coffee Stains,https://v.otxataba.net/index.php?do=download&id=2225
https://v.otxataba.net/games/torrent_igry/rpg/subnautica_below_zero_2019_early_access_repack_ot_xatab/2-1-0-848,Subnautica: Below Zero {Build 30171(июнь 2020) } (2019) скачать торрент RePack от xatab ,2019 г.,RPG/3D/Adventure/Simulation,Unknown Worlds Entertainment,https://v.otxataba.net/index.php?do=download&id=2223
https://v.otxataba.net/games/torrent_igry/1st_person/blair-witch-2019-pc-repack-ot/9-1-0-1126,Blair Witch [1.04 (34361)] (2019) скачать торрент RePack от xatab ,2019,1st Person/Adventure/Horror,Bloober Team,https://v.otxataba.net/index.php?do=download&id=2238
https://v.otxataba.net/games/torrent_igry/rpg/outward_update_1_2019_repack_ot_xatab/2-1-0-929,Outward  [Build 20200626] (2019) скачать торрент RePack от xatab ,2019 г.,RPG/3D/Action,Nine Dots Studio,https://v.otxataba.net/index.php?do=download&id=2219
https://v.otxataba.net/games/torrent_igry/rpg/children-of-morta-v1018-gog-2019-pc-licenzija/2-1-0-1211,Children of Morta v.1.1.64.2 [GOG] (2019) скачать торрент Лицензия ,3 сентября 2019,RPG/Action/Adventure,Dead Mage,https://v.otxataba.net/index.php?do=download&id=2236
https://v.otxataba.net/games/torrent_igry/3d/warhammer_40_000_gladius_relics_of_war_2018_repack_ot_xatab/3-1-0-727,"Warhammer 40,000: Gladius - Relics of War (1.6.3 + DLC) (2018) скачать торрент RePack от xatab ",2018 г.,3D/Strategy,Proxy Studios,https://v.otxataba.net/index.php?do=download&id=2221
https://v.otxataba.net/games/torrent_igry/3d/steel_division_2_v_21652_2_dlc_2019_pc_124_repack_ot/3-1-0-1058,Steel Division 2 Total Conflict Edition [ v 37929  + DLC] (2019) скачать торрент RePack от xatab ,2019 г.,3D/Strategy/Real-time,Eugen Systems,https://v.otxataba.net/index.php?do=download&id=2234
https://v.otxataba.net/games/torrent_igry/strategy/astroneer_2019_pc_124_licenzija/7-1-0-857,Astroneer v.1.13.121.0 [CODEX] (2019) скачать торрент Лицензия ,6 февраля 2019,Strategy/Simulation,System Era Softworks,https://v.otxataba.net/index.php?do=download&id=2205
https://v.otxataba.net/games/torrent_igry/simulation/two_point_hospital_2018_g_repack_ot_xatab/14-1-0-653,Two Point Hospital [1.20.53319] (2018) скачать торрент RePack от xatab ,2018,Simulation,Two Point Studios,https://v.otxataba.net/index.php?do=download&id=2210
https://v.otxataba.net/games/torrent_igry/3d/space_engineers_v_1_189_039_2014_pc_124_repack_ot_xatab/3-1-0-883,Space Engineers [v 1.195.018] (2019) скачать торрент RePack от xatab ,2019,3D/Action/Strategy,Keen Software House,https://v.otxataba.net/index.php?do=download&id=2203
https://v.otxataba.net/games/torrent_igry/strategy/railway_empire_kalypso_media_eng_124_rus_repack_by_xatab/7-1-0-532,Railway Empire  (v.1.13.0.25864 + DLC ) (2018) скачать торрент RePack от xatab ,26 января 2018 г.,Торрент игры/Strategy,Simulation/Strategy,https://v.otxataba.net/index.php?do=download&id=2202
https://v.otxataba.net/games/torrent_igry/action/generation_zero_2019_pc_124_repack_ot_xatab/5-1-0-921,Generation Zero  [Build.1858983+DLC] (2019) скачать торрент RePack от xatab ,2019 г.,Action/Adventure,Avalanche Studios,https://v.otxataba.net/index.php?do=download&id=2198
https://v.otxataba.net/games/torrent_igry/strategy/rimworld_2018_pc_124_licenzija/7-1-0-776,RimWorld v.1.1.2654 [GOG] (2018) скачать торрент Лицензия ,17 октября 2018,Strategy/Simulation,Ludeon Studios,https://v.otxataba.net/index.php?do=download&id=2213
https://v.otxataba.net/games/torrent_igry/3d/spongebob-squarepants-battle-for-bikini-bottom-rehydrated/3-1-0-1430,Spongebob SquarePants: Battle for Bikini Bottom - Rehydrated (2020) скачать торрент RePack от xatab ,2020,3D/Arcade,Purple Lamp Studios,https://v.otxataba.net/index.php?do=download&id=2195
https://v.otxataba.net/games/torrent_igry/strategy/railroad-corporation-v-118526-2019-repack-ot-xatab/7-1-0-1193,Railroad Corporation [v 1.1.11261+DLC] (2019) скачать торрент RePack от xatab ,2019,Strategy/Simulation,Corbie Games,https://v.otxataba.net/index.php?do=download&id=2217
https://v.otxataba.net/games/torrent_igry/strategy/ancestors-legacy-gog-20185-pc-licenzija/7-1-0-1433,Ancestors Legacy v.64685 + DLC [GOG] (2018) скачать торрент Лицензия ,22 мая 2018,Strategy/Real-time,Destructive Creations,https://v.otxataba.net/index.php?do=download&id=2218
https://v.otxataba.net/games/torrent_igry/rpg/fell_seal_arbiter_39_s_mark_v_1_0_4_gog_2019_pc_124_licenzija/2-1-0-1113,Fell Seal: Arbiter's Mark v.1.3.1 [GOG] (2019) скачать торрент Лицензия ,2019,RPG/Strategy,6 Eyes Studio,https://v.otxataba.net/index.php?do=download&id=2214
https://v.otxataba.net/games/torrent_igry/action/elderborn-gog-2019-pc-licenzija/5-1-0-1265,ELDERBORN v.1.037 [GOG] (2020) скачать торрент Лицензия ,30 января 2020,Action/1st Person,Hyperstrange,https://v.otxataba.net/index.php?do=download&id=2215
https://v.otxataba.net/games/torrent_igry/3rd_person/mafia-ii-definitive-edition/4-1-0-1376,Mafia II: Definitive Edition [Update 1] (2020) скачать торрент RePack от xatab ,2020,3rd Person/Action/Shooter,"Hangar 13, D3T",https://v.otxataba.net/index.php?do=download&id=2190
https://v.otxataba.net/games/torrent_igry/3rd_person/beyond-two-souls/4-1-0-1427,Beyond: Two Souls (2019) скачать торрент RePack от xatab ,2019,3rd Person/Action/Adventure,Quantic Dream,https://v.otxataba.net/index.php?do=download&id=2182
https://v.otxataba.net/games/torrent_igry/rpg/divinity_original_sin_2_larian_studios_eng_repack_ot_xatab/2-1-0-458,Divinity: Original Sin 2 - Definitive Edition {v.3.6.64.2709 (38747)+DLC } (2017) скачать торрент RePack от xatab ,14 сентября 2017,RPG,Larian Studios,https://v.otxataba.net/index.php?do=download&id=2173
https://v.otxataba.net/games/torrent_igry/rpg/grim_dawn_v_1_0_0_5_hf1_1_dlc_2016_pc_124_repack_ot_xatab/2-1-0-262,Grim Dawn [v 1.1.7.1 (39085) + DLC] (2016) скачать торрент RePack от xatab ,25 февраля 2016,RPG/Action,Crate Entertainment,https://v.otxataba.net/index.php?do=download&id=2174
https://v.otxataba.net/games/torrent_igry/action/detroit-become-human/5-1-0-1426,Detroit: Become Human (2019) скачать торрент RePack от xatab ,2019,Action/Adventure,Quantic Dream,https://v.otxataba.net/index.php?do=download&id=2179
https://v.otxataba.net/games/torrent_igry/rpg/conan_exiles_2018_pc_124_repack_by_xatab/2-1-0-652,Conan Exiles [build 230672\25565+DLC] (2018) скачать торрент RePack от xatab ,2018,RPG/Action,Funcom,https://v.otxataba.net/index.php?do=download&id=2192
https://v.otxataba.net/games/torrent_igry/3rd_person/mafia-iii-definitive-edition/4-1-0-1377,Mafia III: Definitive Edition (2020) скачать торрент RePack от xatab ,2020,3rd Person/Action/Shooter,Hangar 13,https://v.otxataba.net/index.php?do=download&id=2191
https://v.otxataba.net/games/torrent_igry/3d/heavy-rain/3-1-0-1429,Heavy Rain (2019) скачать торрент RePack от xatab ,2019,3D/Adventure,Quantic Dream,https://v.otxataba.net/index.php?do=download&id=2188
https://v.otxataba.net/games/torrent_igry/3rd_person/detroit-become-human-build-1441-egs-rip-2019-pc-licenzija/4-1-0-1217,Detroit: Become Human (build 1622) [EGS-Rip] (2018-2019) скачать торрент Лицензия ,PlayStation 4 - 25.05.2018 / PC - 12.12.2019,3rd Person/Action/Adventure,Quantic Dream,https://v.otxataba.net/index.php?do=download&id=2176
https://v.otxataba.net/games/torrent_igry/3rd_person/beyond-two-souls-codex-2013-2019-pc-licenzija/4-1-0-1424,Beyond: Two Souls [PLAZA] (2013-2019) скачать торрент Лицензия ,8 октября 2013 - PS3 / 22 июля 2019 - PC,3rd Person/Action/Adventure,Quantic Dream,https://v.otxataba.net/index.php?do=download&id=2180
https://v.otxataba.net/games/torrent_igry/3rd_person/daymare-1998-plaza-2019-pc-licenzija/4-1-0-1428,DAYMARE: 1998 v.10545 [PLAZA] (2019) скачать торрент Лицензия ,17 сентября 2019,3rd Person/Action/Shooter/Horror,Invader Studios,https://v.otxataba.net/index.php?do=download&id=2187
https://v.otxataba.net/games/torrent_igry/3d/skyhill-black-mist/3-1-0-1416,SKYHILL: Black Mist [v 1.0.003] (2020) скачать торрент RePack от xatab ,2020,3D/Action/Stealth,Mandragora,https://v.otxataba.net/index.php?do=download&id=2158
https://v.otxataba.net/games/torrent_igry/3d/supreme-commander-2/3-1-0-1419,Supreme Commander 2 (2010) скачать торрент RePack от xatab ,2010,3D/Strategy/Real-time,Gas Powered Games,https://v.otxataba.net/index.php?do=download&id=2164
https://v.otxataba.net/games/torrent_igry/strategy/desperados-iii-gog-2015-pc-licenzija/7-1-0-1404,Desperados III v.1.0b [GOG] (2020) скачать торрент Лицензия ,16 июня 2020,Strategy/Real-time,Mimimi Games,https://v.otxataba.net/index.php?do=download&id=2172
https://v.otxataba.net/games/torrent_igry/strategy/project_hospital_2018_pc_124_licenzija/7-1-0-788,Project Hospital v.1.2.20333 + 2 DLC [GOG] (2018) скачать торрент Лицензия ,2018,Strategy/Simulator,Oxymoron Games,https://v.otxataba.net/index.php?do=download&id=2161
https://v.otxataba.net/games/torrent_igry/3d/farming_simulator_19_2018_pc_124_repack_ot_xatab/3-1-0-769,Farming Simulator 19 Platinum Expansion (v.1.6.0.0+DLC) (2018) скачать торрент RePack от xatab ,2018 г.,3D/Simulator,GIANTS Software,https://v.otxataba.net/index.php?do=download&id=2168
https://v.otxataba.net/games/torrent_igry/3d/castlevania-lords-of-shadow-2/3-1-0-1417,Castlevania - Lords of Shadow 2 [v 1.0.0.1u1 + DLC] (2014) скачать торрент RePack от xatab ,2014,3D/Action/Adventure,MercurySteam,https://v.otxataba.net/index.php?do=download&id=2162
https://v.otxataba.net/games/torrent_igry/strategy/into-the-breach-v1122-gog-2018-pc-licenzija/7-1-0-1316,Into the Breach v.1.2.24 [GOG] (2018) скачать торрент Лицензия ,27 февраля 2018,Strategy,Subset Games,https://v.otxataba.net/index.php?do=download&id=2160
https://v.otxataba.net/games/torrent_igry/3d/barn-finders/3-1-0-1420,Barn Finders (2020) скачать торрент RePack от xatab ,2020,3D/Simulation,Duality Games,https://v.otxataba.net/index.php?do=download&id=2165
https://v.otxataba.net/games/torrent_igry/action/one-punch-man-a-hero-nobody-knows/5-1-0-1418,ONE PUNCH MAN A HERO NOBODY KNOWS (2020) скачать торрент RePack от xatab ,2020,Action/Fighting,Spike Chunsoft Co. Ltd.,https://v.otxataba.net/index.php?do=download&id=2163
https://v.otxataba.net/games/torrent_igry/action/disintegration/5-1-0-1421,Disintegration (2020) скачать торрент RePack от xatab ,2020,Action/Adventure,V1 Interactive,https://v.otxataba.net/index.php?do=download&id=2166
https://v.otxataba.net/games/torrent_igry/3d/supreme-commander-forged-alliance/3-1-0-1422,Supreme Commander - Forged Alliance (2007) скачать торрент RePack от xatab ,2007,3D/Strategy,Gas Powered Games,https://v.otxataba.net/index.php?do=download&id=2167
https://v.otxataba.net/games/torrent_igry/3rd_person/grand-theft-auto-iv-the-complete-edition/4-1-0-1333,Grand Theft Auto IV: The Complete Edition [v 1.2.0.43] (2010-2020) скачать торрент RePack от xatab ,2010-2020,3rd Person/Action/Shooter,Rockstar North,https://v.otxataba.net/index.php?do=download&id=2144
https://v.otxataba.net/games/torrent_igry/3d/age-of-empires-ii-definitive-edition-2019-repack-ot-xatab/3-1-0-1190,Age of Empires II: Definitive Edition [Build 36906] (2019) скачать торрент RePack от xatab ,2019,3D/Strategy,"Forgotten Empires, Tantalus Media, Wicked Witch",https://v.otxataba.net/index.php?do=download&id=2255
https://v.otxataba.net/games/torrent_igry/3rd_person/beyond-blue-hoodlum-2020-pc-licenzija/4-1-0-1413,Beyond Blue [HOODLUM] (2020) скачать торрент Лицензия ,11 июня 2020,3rd Person/Adventure,E-Line Media,https://v.otxataba.net/index.php?do=download&id=2151
https://v.otxataba.net/games/torrent_igry/3d/uboat_early_access_2019_repack_ot_xatab/3-1-0-973,UBOAT [b127 | Early Access ] (2019) скачать торрент RePack от xatab ,2019 г.,3D/Strategy/Simulation,Deep Water Studio,https://v.otxataba.net/index.php?do=download&id=2156
https://v.otxataba.net/games/torrent_igry/3d/cities_skylines_deluxe_edition_v_1_5_0_f4_6_dlc_2015_pc_124_repack_ot_xatab/3-1-0-241,Cities: Skylines - Deluxe Edition [v 1.13.1-f1 +  DLC] (2015) скачать торрент RePack от xatab ,"10 мар, 2015",3D/Strategy/Simulation,Colossal Order,https://v.otxataba.net/index.php?do=download&id=2155
https://v.otxataba.net/games/torrent_igry/rpg/streets-of-rogue-gog-2019-pc-licenzija/2-1-0-1410,Streets of Rogue v.89k2 [GOG] (2019) скачать торрент Лицензия ,12 июля 2019,RPG/Action,Matt Dabrowski,https://v.otxataba.net/index.php?do=download&id=2139
https://v.otxataba.net/games/torrent_igry/3d/01-far_cry_new_dawn_deluxe_edition_2019_pc_124_repack_ot_xatab/3-1-0-881,Far Cry New Dawn - Deluxe Edition [v. 1.0.5] (2019) скачать торрент RePack от xatab ,2019 г.,3D/Action/Shooter/1st Person,Ubisoft Montreal,https://v.otxataba.net/index.php?do=download&id=2145
https://v.otxataba.net/games/torrent_igry/3d/crossroads-inn-collectors-edition-limited-bundle/3-1-0-1322,Crossroads Inn Collector's Edition Limited Bundle (2019) скачать торрент RePack от xatab ,2019,3D/Strategy/Simulator,Kraken Unleashed,https://v.otxataba.net/index.php?do=download&id=2141
https://v.otxataba.net/games/torrent_igry/3d/the-light-remake/3-1-0-1415,The Light Remake (2020) скачать торрент Лицензия ,2020,3D/Adventure,Носков Сергей,https://v.otxataba.net/index.php?do=download&id=2157
https://v.otxataba.net/games/torrent_igry/3rd_person/the-quiet-man-codex-2018-pc-licenzija/4-1-0-1414,THE QUIET MAN [CODEX] (2018) скачать торрент Лицензия ,01 ноября 2018,3rd Person/Adventure/Fighting,"Square Enix, Human Head Studios",https://v.otxataba.net/index.php?do=download&id=2152
